,0,1,2
0,0.0,0.0,1.0
1,0.49,0.48,0.03
2,0.51,0.47,0.02
3,0.08,0.89,0.03
4,0.52,0.48,0.0
5,0.46,0.46,0.08
6,0.37,0.41,0.22
7,0.0,0.0,1.0
8,0.39,0.56,0.05
9,0.07,0.13,0.8
10,0.0,0.0,1.0
11,0.14,0.85,0.01
12,0.0,0.0,1.0
13,0.49,0.4,0.11
14,0.51,0.49,0.0
15,0.5,0.5,0.0
16,0.51,0.49,0.0
17,0.64,0.32,0.04
18,0.0,0.0,1.0
19,0.0,0.01,0.99
20,0.0,0.0,1.0
21,0.0,0.0,1.0
22,0.48,0.4,0.12
23,0.0,0.0,1.0
24,0.05,0.08,0.87
25,0.15,0.32,0.53
26,0.38,0.4,0.22
27,0.15,0.8,0.05
28,0.08,0.91,0.01
29,0.0,0.0,1.0
30,0.23,0.69,0.08
31,0.24,0.18,0.58
32,0.0,0.0,1.0
33,0.22,0.75,0.03
34,0.0,0.0,1.0
35,0.1,0.9,0.0
36,0.14,0.85,0.01
37,0.01,0.04,0.95
38,0.34,0.44,0.22
39,0.0,0.0,1.0
40,0.47,0.49,0.04
41,0.0,0.0,1.0
42,0.1,0.04,0.86
43,0.52,0.39,0.09
44,0.0,0.0,1.0
45,0.33,0.58,0.09
46,0.0,0.0,1.0
47,0.0,0.0,1.0
48,0.43,0.43,0.14
49,0.65,0.35,0.0
50,0.03,0.06,0.91
51,0.07,0.91,0.02
52,0.2,0.79,0.01
53,0.33,0.67,0.0
54,0.24,0.62,0.14
55,0.0,0.0,1.0
56,0.0,0.0,1.0
57,0.0,0.0,1.0
58,0.24,0.74,0.02
59,0.16,0.12,0.72
60,0.0,0.0,1.0
61,0.0,0.0,1.0
62,0.0,0.0,1.0
63,0.04,0.95,0.01
64,0.18,0.19,0.63
65,0.0,0.0,1.0
66,0.13,0.87,0.0
67,0.08,0.17,0.75
68,0.63,0.36,0.01
69,0.0,0.0,1.0
70,0.11,0.89,0.0
71,0.0,0.0,1.0
72,0.0,0.0,1.0
73,0.58,0.42,0.0
74,0.07,0.87,0.06
75,0.46,0.36,0.18
76,0.58,0.42,0.0
77,0.64,0.36,0.0
78,0.25,0.52,0.23
79,0.11,0.04,0.85
80,0.21,0.08,0.71
81,0.25,0.74,0.01
82,0.44,0.37,0.19
83,0.0,0.0,1.0
84,0.15,0.1,0.75
85,0.04,0.95,0.01
86,0.0,0.0,1.0
87,0.75,0.25,0.0
88,0.67,0.29,0.04
89,0.0,0.0,1.0
90,0.0,0.0,1.0
91,0.11,0.76,0.13
92,0.0,0.0,1.0
93,0.17,0.83,0.0
94,0.0,0.0,1.0
95,0.0,0.0,1.0
96,0.0,0.0,1.0
97,0.0,0.0,1.0
98,0.0,0.0,1.0
99,0.0,0.0,1.0
100,0.22,0.2,0.58
101,0.21,0.79,0.0
102,0.08,0.04,0.88
103,0.17,0.51,0.32
104,0.18,0.82,0.0
105,0.58,0.42,0.0
106,0.03,0.01,0.96
107,0.23,0.14,0.63
108,0.6,0.4,0.0
109,0.52,0.38,0.1
110,0.0,0.0,1.0
111,0.46,0.32,0.22
112,0.61,0.38,0.01
113,0.1,0.06,0.84
114,0.11,0.86,0.03
115,0.0,0.0,1.0
116,0.46,0.45,0.09
117,0.0,0.0,1.0
118,0.53,0.33,0.14
119,0.0,0.0,1.0
120,0.14,0.85,0.01
121,0.0,0.0,1.0
122,0.12,0.87,0.01
123,0.0,0.0,1.0
124,0.11,0.8,0.09
125,0.0,0.0,1.0
126,0.0,0.0,1.0
127,0.15,0.12,0.73
128,0.0,0.0,1.0
129,0.2,0.79,0.01
130,0.51,0.49,0.0
131,0.53,0.47,0.0
132,0.0,0.0,1.0
133,0.1,0.4,0.5
134,0.0,0.0,1.0
135,0.65,0.35,0.0
136,0.0,0.0,1.0
137,0.65,0.26,0.09
138,0.34,0.58,0.08
139,0.23,0.71,0.06
140,0.14,0.07,0.79
141,0.53,0.33,0.14
142,0.48,0.52,0.0
143,0.0,0.0,1.0
144,0.47,0.39,0.14
145,0.16,0.68,0.16
146,0.24,0.76,0.0
147,0.03,0.96,0.01
148,0.64,0.36,0.0
149,0.14,0.86,0.0
150,0.13,0.85,0.02
151,0.33,0.59,0.08
152,0.04,0.09,0.87
153,0.54,0.4,0.06
154,0.23,0.61,0.16
155,0.0,0.0,1.0
156,0.14,0.12,0.74
157,0.08,0.92,0.0
158,0.0,0.0,1.0
159,0.63,0.31,0.06
160,0.19,0.34,0.47
161,0.41,0.43,0.16
162,0.0,0.0,1.0
163,0.08,0.04,0.88
164,0.3,0.66,0.04
165,0.27,0.39,0.34
166,0.0,0.0,1.0
167,0.59,0.41,0.0
168,0.07,0.93,0.0
169,0.21,0.78,0.01
170,0.18,0.69,0.13
171,0.0,0.0,1.0
172,0.64,0.35,0.01
173,0.39,0.5,0.11
174,0.0,0.0,1.0
175,0.41,0.59,0.0
176,0.6,0.4,0.0
177,0.19,0.7,0.11
178,0.76,0.24,0.0
179,0.33,0.58,0.09
180,0.05,0.94,0.01
181,0.24,0.75,0.01
182,0.12,0.72,0.16
183,0.0,0.0,1.0
184,0.0,0.0,1.0
185,0.58,0.4,0.02
186,0.01,0.0,0.99
187,0.0,0.0,1.0
188,0.27,0.11,0.62
189,0.12,0.88,0.0
190,0.17,0.29,0.54
191,0.18,0.82,0.0
192,0.0,0.0,1.0
193,0.22,0.78,0.0
194,0.0,0.0,1.0
195,0.0,0.0,1.0
196,0.0,0.0,1.0
197,0.77,0.23,0.0
198,0.0,0.0,1.0
199,0.2,0.8,0.0
200,0.49,0.32,0.19
201,0.39,0.37,0.24
202,0.07,0.86,0.07
203,0.19,0.37,0.44
204,0.11,0.06,0.83
205,0.09,0.88,0.03
206,0.49,0.31,0.2
207,0.16,0.84,0.0
208,0.19,0.25,0.56
209,0.0,0.0,1.0
210,0.04,0.06,0.9
211,0.01,0.0,0.99
212,0.0,0.0,1.0
213,0.04,0.96,0.0
214,0.16,0.79,0.05
215,0.0,0.0,1.0
216,0.15,0.83,0.02
217,0.68,0.29,0.03
218,0.66,0.28,0.06
219,0.69,0.31,0.0
220,0.22,0.23,0.55
221,0.55,0.37,0.08
222,0.0,0.0,1.0
223,0.49,0.5,0.01
224,0.49,0.51,0.0
225,0.39,0.42,0.19
226,0.0,0.0,1.0
227,0.53,0.42,0.05
228,0.6,0.4,0.0
229,0.15,0.22,0.63
230,0.53,0.42,0.05
231,0.16,0.11,0.73
232,0.15,0.84,0.01
233,0.0,0.0,1.0
234,0.0,0.0,1.0
235,0.59,0.41,0.0
236,0.16,0.11,0.73
237,0.0,0.0,1.0
238,0.21,0.12,0.67
239,0.0,0.0,1.0
240,0.19,0.79,0.02
241,0.24,0.76,0.0
242,0.08,0.82,0.1
243,0.25,0.71,0.04
244,0.6,0.37,0.03
245,0.0,0.0,1.0
246,0.0,0.0,1.0
247,0.68,0.31,0.01
248,0.58,0.4,0.02
249,0.0,0.0,1.0
250,0.55,0.45,0.0
251,0.58,0.4,0.02
252,0.37,0.44,0.19
253,0.68,0.32,0.0
254,0.07,0.19,0.74
255,0.0,0.0,1.0
256,0.53,0.45,0.02
257,0.0,0.0,1.0
258,0.1,0.9,0.0
259,0.56,0.44,0.0
260,0.07,0.18,0.75
261,0.16,0.12,0.72
262,0.0,0.0,1.0
263,0.14,0.29,0.57
264,0.0,0.0,1.0
265,0.28,0.65,0.07
266,0.22,0.23,0.55
267,0.0,0.0,1.0
268,0.17,0.75,0.08
269,0.0,0.0,1.0
270,0.07,0.85,0.08
271,0.09,0.89,0.02
272,0.2,0.78,0.02
273,0.57,0.43,0.0
274,0.1,0.83,0.07
275,0.14,0.83,0.03
276,0.17,0.27,0.56
277,0.08,0.37,0.55
278,0.77,0.23,0.0
279,0.22,0.78,0.0
280,0.06,0.14,0.8
281,0.14,0.86,0.0
282,0.23,0.76,0.01
283,0.0,0.0,1.0
284,0.27,0.71,0.02
285,0.58,0.39,0.03
286,0.29,0.7,0.01
287,0.37,0.59,0.04
288,0.0,0.0,1.0
289,0.0,0.0,1.0
290,0.28,0.72,0.0
291,0.57,0.39,0.04
292,0.51,0.47,0.02
293,0.03,0.03,0.94
294,0.1,0.04,0.86
295,0.54,0.43,0.03
296,0.0,0.0,1.0
297,0.63,0.36,0.01
298,0.32,0.68,0.0
299,0.0,0.0,1.0
300,0.3,0.51,0.19
301,0.0,0.0,1.0
302,0.68,0.3,0.02
303,0.0,0.0,1.0
304,0.0,0.0,1.0
305,0.0,0.0,1.0
306,0.55,0.44,0.01
307,0.42,0.57,0.01
308,0.0,0.0,1.0
309,0.0,0.0,1.0
310,0.0,0.0,1.0
311,0.0,0.0,1.0
312,0.34,0.44,0.22
313,0.59,0.41,0.0
314,0.22,0.08,0.7
315,0.0,0.0,1.0
316,0.67,0.33,0.0
317,0.46,0.5,0.04
318,0.05,0.95,0.0
319,0.57,0.43,0.0
320,0.0,0.0,1.0
321,0.15,0.71,0.14
322,0.14,0.28,0.58
323,0.07,0.13,0.8
324,0.06,0.94,0.0
325,0.72,0.27,0.01
326,0.4,0.44,0.16
327,0.14,0.85,0.01
328,0.33,0.14,0.53
329,0.0,0.0,1.0
330,0.12,0.22,0.66
331,0.0,0.0,1.0
332,0.0,0.0,1.0
333,0.0,0.0,1.0
334,0.0,0.0,1.0
335,0.73,0.26,0.01
336,0.35,0.6,0.05
337,0.17,0.79,0.04
338,0.43,0.56,0.01
339,0.71,0.29,0.0
340,0.17,0.78,0.05
341,0.48,0.49,0.03
342,0.0,0.0,1.0
343,0.0,0.0,1.0
344,0.45,0.36,0.19
345,0.09,0.11,0.8
346,0.21,0.79,0.0
347,0.76,0.24,0.0
348,0.08,0.89,0.03
349,0.0,0.0,1.0
350,0.5,0.38,0.12
351,0.21,0.7,0.09
352,0.31,0.15,0.54
353,0.16,0.12,0.72
354,0.0,0.0,1.0
355,0.31,0.54,0.15
356,0.49,0.51,0.0
357,0.29,0.6,0.11
358,0.43,0.5,0.07
359,0.14,0.86,0.0
360,0.33,0.62,0.05
361,0.53,0.4,0.07
362,0.61,0.35,0.04
363,0.0,0.0,1.0
364,0.0,0.0,1.0
365,0.27,0.48,0.25
366,0.4,0.58,0.02
367,0.0,0.0,1.0
368,0.0,0.0,1.0
369,0.55,0.42,0.03
370,0.15,0.85,0.0
371,0.17,0.08,0.75
372,0.1,0.89,0.01
373,0.09,0.17,0.74
374,0.21,0.66,0.13
375,0.0,0.0,1.0
376,0.0,0.0,1.0
377,0.66,0.33,0.01
378,0.0,0.0,1.0
379,0.05,0.14,0.81
380,0.58,0.41,0.01
381,0.48,0.4,0.12
382,0.41,0.43,0.16
383,0.0,0.0,1.0
384,0.13,0.07,0.8
385,0.06,0.94,0.0
386,0.6,0.4,0.0
387,0.0,0.0,1.0
388,0.53,0.46,0.01
389,0.0,0.0,1.0
390,0.24,0.75,0.01
391,0.0,0.0,1.0
392,0.24,0.1,0.66
393,0.0,0.0,1.0
394,0.62,0.36,0.02
395,0.3,0.65,0.05
396,0.0,0.0,1.0
397,0.05,0.95,0.0
398,0.15,0.07,0.78
399,0.46,0.42,0.12
400,0.01,0.29,0.7
401,0.0,0.0,1.0
402,0.06,0.94,0.0
403,0.55,0.41,0.04
404,0.0,0.0,1.0
405,0.08,0.17,0.75
406,0.0,0.0,1.0
407,0.24,0.75,0.01
408,0.03,0.34,0.63
409,0.0,0.0,1.0
410,0.01,0.06,0.93
411,0.22,0.78,0.0
412,0.66,0.3,0.04
413,0.28,0.71,0.01
414,0.0,0.0,1.0
415,0.77,0.23,0.0
416,0.0,0.0,1.0
417,0.22,0.23,0.55
418,0.01,0.04,0.95
419,0.0,0.0,1.0
420,0.11,0.25,0.64
421,0.12,0.16,0.72
422,0.59,0.41,0.0
423,0.02,0.01,0.97
424,0.33,0.42,0.25
425,0.06,0.93,0.01
426,0.6,0.36,0.04
427,0.0,0.0,1.0
428,0.36,0.58,0.06
429,0.0,0.0,1.0
430,0.0,0.0,1.0
431,0.67,0.33,0.0
432,0.64,0.36,0.0
433,0.0,0.0,1.0
434,0.04,0.96,0.0
435,0.09,0.31,0.6
436,0.58,0.42,0.0
437,0.1,0.9,0.0
438,0.18,0.82,0.0
439,0.1,0.36,0.54
440,0.03,0.02,0.95
441,0.17,0.27,0.56
442,0.18,0.12,0.7
443,0.0,0.0,1.0
444,0.51,0.45,0.04
445,0.04,0.95,0.01
446,0.0,0.0,1.0
447,0.05,0.95,0.0
448,0.4,0.52,0.08
449,0.6,0.37,0.03
450,0.72,0.28,0.0
451,0.32,0.68,0.0
452,0.29,0.54,0.17
453,0.26,0.69,0.05
454,0.05,0.24,0.71
455,0.55,0.39,0.06
456,0.0,0.0,1.0
457,0.15,0.81,0.04
458,0.65,0.34,0.01
459,0.0,0.0,1.0
460,0.14,0.08,0.78
461,0.07,0.92,0.01
462,0.44,0.55,0.01
463,0.0,0.0,1.0
464,0.53,0.45,0.02
465,0.0,0.0,1.0
466,0.17,0.78,0.05
467,0.0,0.0,1.0
468,0.46,0.34,0.2
469,0.0,0.0,1.0
470,0.22,0.77,0.01
471,0.06,0.94,0.0
472,0.07,0.92,0.01
473,0.16,0.05,0.79
474,0.0,0.0,1.0
475,0.31,0.66,0.03
476,0.59,0.41,0.0
477,0.31,0.69,0.0
478,0.24,0.29,0.47
479,0.0,0.0,1.0
480,0.21,0.76,0.03
481,0.22,0.08,0.7
482,0.61,0.39,0.0
483,0.5,0.41,0.09
484,0.25,0.22,0.53
485,0.0,0.0,1.0
486,0.0,0.0,1.0
487,0.65,0.35,0.0
488,0.48,0.34,0.18
489,0.4,0.52,0.08
490,0.48,0.43,0.09
491,0.12,0.33,0.55
492,0.0,0.0,1.0
493,0.0,0.0,1.0
494,0.0,0.0,1.0
495,0.63,0.36,0.01
496,0.53,0.45,0.02
497,0.39,0.53,0.08
498,0.69,0.26,0.05
499,0.07,0.01,0.92
500,0.51,0.42,0.07
501,0.0,0.0,1.0
502,0.0,0.0,1.0
503,0.0,0.0,1.0
504,0.0,0.0,1.0
505,0.19,0.8,0.01
506,0.56,0.42,0.02
507,0.52,0.45,0.03
508,0.0,0.0,1.0
509,0.0,0.0,1.0
510,0.04,0.96,0.0
511,0.03,0.1,0.87
512,0.56,0.42,0.02
513,0.06,0.22,0.72
514,0.1,0.88,0.02
515,0.57,0.43,0.0
516,0.34,0.59,0.07
517,0.07,0.9,0.03
518,0.09,0.3,0.61
519,0.19,0.8,0.01
520,0.54,0.45,0.01
521,0.22,0.2,0.58
522,0.31,0.39,0.3
523,0.49,0.5,0.01
524,0.0,0.0,1.0
525,0.0,0.0,1.0
526,0.09,0.04,0.87
527,0.0,0.0,1.0
528,0.13,0.87,0.0
529,0.0,0.0,1.0
530,0.24,0.2,0.56
531,0.0,0.0,1.0
532,0.2,0.33,0.47
533,0.58,0.4,0.02
534,0.2,0.8,0.0
535,0.34,0.58,0.08
536,0.06,0.19,0.75
537,0.3,0.12,0.58
538,0.0,0.0,1.0
539,0.15,0.84,0.01
540,0.2,0.79,0.01
541,0.54,0.42,0.04
542,0.0,0.0,1.0
543,0.0,0.0,1.0
544,0.06,0.05,0.89
545,0.07,0.93,0.0
546,0.55,0.32,0.13
547,0.22,0.77,0.01
548,0.11,0.15,0.74
549,0.59,0.41,0.0
550,0.16,0.83,0.01
551,0.0,0.0,1.0
552,0.15,0.78,0.07
553,0.3,0.09,0.61
554,0.0,0.0,1.0
555,0.0,0.0,1.0
556,0.55,0.42,0.03
557,0.09,0.91,0.0
558,0.15,0.21,0.64
559,0.0,0.0,1.0
560,0.07,0.38,0.55
561,0.08,0.91,0.01
562,0.23,0.19,0.58
563,0.0,0.0,1.0
564,0.56,0.4,0.04
565,0.36,0.58,0.06
566,0.3,0.65,0.05
567,0.55,0.43,0.02
568,0.44,0.5,0.06
569,0.24,0.33,0.43
570,0.15,0.07,0.78
571,0.54,0.44,0.02
572,0.0,0.0,1.0
573,0.04,0.95,0.01
574,0.53,0.33,0.14
575,0.28,0.7,0.02
576,0.16,0.21,0.63
577,0.77,0.22,0.01
578,0.55,0.39,0.06
579,0.69,0.31,0.0
580,0.1,0.89,0.01
581,0.0,0.0,1.0
582,0.1,0.9,0.0
583,0.0,0.0,1.0
584,0.44,0.54,0.02
585,0.53,0.46,0.01
586,0.0,0.0,1.0
587,0.2,0.8,0.0
588,0.19,0.04,0.77
589,0.3,0.51,0.19
590,0.04,0.95,0.01
591,0.0,0.0,1.0
592,0.59,0.41,0.0
593,0.19,0.8,0.01
594,0.31,0.4,0.29
595,0.14,0.78,0.08
596,0.55,0.43,0.02
597,0.0,0.0,1.0
598,0.49,0.37,0.14
599,0.11,0.86,0.03
600,0.59,0.33,0.08
601,0.11,0.06,0.83
602,0.0,0.0,1.0
603,0.71,0.27,0.02
604,0.0,0.0,1.0
605,0.0,0.0,1.0
606,0.51,0.45,0.04
607,0.65,0.28,0.07
608,0.14,0.25,0.61
609,0.06,0.1,0.84
610,0.23,0.08,0.69
611,0.02,0.1,0.88
612,0.57,0.4,0.03
613,0.41,0.53,0.06
614,0.47,0.51,0.02
615,0.57,0.35,0.08
616,0.04,0.94,0.02
617,0.08,0.18,0.74
618,0.55,0.4,0.05
619,0.0,0.0,1.0
620,0.48,0.36,0.16
621,0.0,0.0,1.0
622,0.0,0.0,1.0
623,0.03,0.97,0.0
624,0.02,0.98,0.0
625,0.2,0.8,0.0
626,0.13,0.79,0.08
627,0.75,0.25,0.0
628,0.0,0.0,1.0
629,0.01,0.0,0.99
630,0.0,0.0,1.0
631,0.48,0.33,0.19
632,0.0,0.0,1.0
633,0.29,0.53,0.18
634,0.11,0.07,0.82
635,0.61,0.36,0.03
636,0.19,0.74,0.07
637,0.2,0.76,0.04
638,0.57,0.43,0.0
639,0.0,0.0,1.0
640,0.04,0.93,0.03
641,0.53,0.39,0.08
642,0.0,0.0,1.0
643,0.53,0.35,0.12
644,0.14,0.07,0.79
645,0.09,0.86,0.05
646,0.18,0.82,0.0
647,0.0,0.0,1.0
648,0.35,0.4,0.25
649,0.54,0.43,0.03
650,0.5,0.49,0.01
651,0.34,0.58,0.08
652,0.0,0.0,1.0
653,0.56,0.39,0.05
654,0.0,0.0,1.0
655,0.21,0.44,0.35
656,0.28,0.58,0.14
657,0.59,0.41,0.0
658,0.21,0.79,0.0
659,0.28,0.59,0.13
660,0.51,0.38,0.11
661,0.0,0.0,1.0
662,0.32,0.55,0.13
663,0.76,0.21,0.03
664,0.16,0.2,0.64
665,0.2,0.38,0.42
666,0.48,0.32,0.2
667,0.01,0.0,0.99
668,0.6,0.4,0.0
669,0.37,0.6,0.03
670,0.15,0.11,0.74
671,0.13,0.83,0.04
672,0.51,0.44,0.05
673,0.09,0.16,0.75
674,0.25,0.23,0.52
675,0.51,0.39,0.1
676,0.19,0.23,0.58
677,0.07,0.02,0.91
678,0.14,0.07,0.79
679,0.51,0.47,0.02
680,0.15,0.83,0.02
681,0.54,0.33,0.13
682,0.21,0.22,0.57
683,0.63,0.37,0.0
684,0.01,0.02,0.97
685,0.0,0.0,1.0
686,0.3,0.14,0.56
687,0.0,0.0,1.0
688,0.11,0.89,0.0
689,0.59,0.41,0.0
690,0.62,0.37,0.01
691,0.55,0.43,0.02
692,0.0,0.0,1.0
693,0.03,0.0,0.97
694,0.0,0.0,1.0
695,0.32,0.14,0.54
696,0.56,0.38,0.06
697,0.25,0.73,0.02
698,0.0,0.0,1.0
699,0.18,0.67,0.15
700,0.15,0.12,0.73
701,0.58,0.42,0.0
702,0.0,0.0,1.0
703,0.11,0.85,0.04
704,0.2,0.8,0.0
705,0.86,0.13,0.01
706,0.0,0.0,1.0
707,0.72,0.27,0.01
708,0.06,0.02,0.92
709,0.34,0.14,0.52
710,0.24,0.76,0.0
711,0.0,0.0,1.0
712,0.58,0.42,0.0
713,0.06,0.2,0.74
714,0.61,0.39,0.0
715,0.15,0.08,0.77
716,0.13,0.87,0.0
717,0.01,0.0,0.99
718,0.19,0.11,0.7
719,0.18,0.79,0.03
720,0.0,0.0,1.0
721,0.09,0.89,0.02
722,0.12,0.06,0.82
723,0.65,0.35,0.0
724,0.71,0.27,0.02
725,0.54,0.45,0.01
726,0.21,0.74,0.05
727,0.0,0.0,1.0
728,0.07,0.93,0.0
729,0.0,0.0,1.0
730,0.61,0.33,0.06
731,0.05,0.01,0.94
732,0.19,0.66,0.15
733,0.0,0.0,1.0
734,0.15,0.21,0.64
735,0.0,0.0,1.0
736,0.59,0.41,0.0
737,0.08,0.18,0.74
738,0.06,0.19,0.75
739,0.3,0.52,0.18
740,0.55,0.4,0.05
741,0.16,0.74,0.1
742,0.08,0.42,0.5
743,0.04,0.96,0.0
744,0.0,0.0,1.0
745,0.37,0.46,0.17
746,0.0,0.0,1.0
747,0.08,0.18,0.74
748,0.0,0.0,1.0
749,0.0,0.0,1.0
750,0.55,0.39,0.06
751,0.4,0.33,0.27
752,0.01,0.01,0.98
753,0.39,0.43,0.18
754,0.51,0.42,0.07
755,0.6,0.4,0.0
756,0.34,0.43,0.23
757,0.0,0.0,1.0
758,0.0,0.0,1.0
759,0.16,0.73,0.11
760,0.03,0.0,0.97
761,0.57,0.42,0.01
762,0.26,0.74,0.0
763,0.48,0.43,0.09
764,0.21,0.78,0.01
765,0.31,0.69,0.0
766,0.12,0.77,0.11
767,0.51,0.41,0.08
768,0.05,0.01,0.94
769,0.46,0.4,0.14
770,0.04,0.96,0.0
771,0.07,0.13,0.8
772,0.0,0.0,1.0
773,0.0,0.0,1.0
774,0.78,0.2,0.02
775,0.1,0.89,0.01
776,0.0,0.0,1.0
777,0.56,0.44,0.0
778,0.07,0.13,0.8
779,0.0,0.0,1.0
780,0.52,0.39,0.09
781,0.63,0.37,0.0
782,0.0,0.0,1.0
783,0.72,0.27,0.01
784,0.23,0.59,0.18
785,0.22,0.75,0.03
786,0.47,0.43,0.1
787,0.0,0.0,1.0
788,0.07,0.13,0.8
789,0.18,0.71,0.11
790,0.54,0.45,0.01
791,0.0,0.0,1.0
792,0.78,0.22,0.0
793,0.0,0.0,1.0
794,0.2,0.12,0.68
795,0.0,0.0,1.0
796,0.0,0.0,1.0
797,0.3,0.61,0.09
798,0.01,0.0,0.99
799,0.08,0.17,0.75
800,0.0,0.0,1.0
801,0.0,0.0,1.0
802,0.6,0.37,0.03
803,0.0,0.0,1.0
804,0.23,0.3,0.47
805,0.09,0.87,0.04
806,0.17,0.73,0.1
807,0.04,0.95,0.01
808,0.1,0.4,0.5
809,0.52,0.38,0.1
810,0.49,0.42,0.09
811,0.6,0.4,0.0
812,0.0,0.0,1.0
813,0.0,0.0,1.0
814,0.08,0.88,0.04
815,0.2,0.73,0.07
816,0.21,0.09,0.7
817,0.64,0.36,0.0
818,0.53,0.39,0.08
819,0.0,0.0,1.0
820,0.57,0.43,0.0
821,0.3,0.7,0.0
822,0.0,0.0,1.0
823,0.64,0.28,0.08
824,0.72,0.27,0.01
825,0.0,0.0,1.0
826,0.73,0.26,0.01
827,0.0,0.0,1.0
828,0.0,0.0,1.0
829,0.6,0.39,0.01
830,0.05,0.95,0.0
831,0.15,0.77,0.08
832,0.0,0.0,1.0
833,0.47,0.27,0.26
834,0.08,0.42,0.5
835,0.44,0.51,0.05
836,0.53,0.46,0.01
837,0.2,0.72,0.08
838,0.13,0.24,0.63
839,0.77,0.19,0.04
840,0.0,0.0,1.0
841,0.33,0.48,0.19
842,0.03,0.97,0.0
843,0.57,0.42,0.01
844,0.09,0.3,0.61
845,0.0,0.0,1.0
846,0.2,0.04,0.76
847,0.63,0.35,0.02
848,0.0,0.0,1.0
849,0.22,0.66,0.12
850,0.15,0.84,0.01
851,0.0,0.0,1.0
852,0.32,0.6,0.08
853,0.1,0.04,0.86
854,0.16,0.12,0.72
855,0.14,0.85,0.01
856,0.02,0.04,0.94
857,0.33,0.43,0.24
858,0.0,0.0,1.0
859,0.17,0.74,0.09
860,0.0,0.0,1.0
861,0.07,0.13,0.8
862,0.0,0.0,1.0
863,0.55,0.36,0.09
864,0.11,0.89,0.0
865,0.07,0.13,0.8
866,0.37,0.63,0.0
867,0.05,0.24,0.71
868,0.38,0.55,0.07
869,0.52,0.39,0.09
870,0.51,0.4,0.09
871,0.67,0.33,0.0
872,0.75,0.25,0.0
873,0.17,0.22,0.61
874,0.0,0.0,1.0
875,0.67,0.33,0.0
876,0.51,0.46,0.03
877,0.25,0.21,0.54
878,0.0,0.0,1.0
879,0.0,0.0,1.0
880,0.43,0.55,0.02
881,0.17,0.67,0.16
882,0.21,0.12,0.67
883,0.37,0.47,0.16
884,0.52,0.37,0.11
885,0.06,0.23,0.71
886,0.0,0.0,1.0
887,0.24,0.76,0.0
888,0.05,0.01,0.94
889,0.63,0.36,0.01
890,0.53,0.46,0.01
891,0.0,0.0,1.0
892,0.0,0.0,1.0
893,0.24,0.19,0.57
894,0.65,0.34,0.01
895,0.0,0.0,1.0
896,0.65,0.35,0.0
897,0.56,0.43,0.01
898,0.0,0.0,1.0
899,0.0,0.0,1.0
900,0.33,0.65,0.02
901,0.14,0.85,0.01
902,0.76,0.24,0.0
903,0.0,0.0,1.0
904,0.0,0.0,1.0
905,0.49,0.37,0.14
906,0.0,0.0,1.0
907,0.6,0.4,0.0
908,0.56,0.44,0.0
909,0.53,0.42,0.05
910,0.16,0.33,0.51
911,0.15,0.85,0.0
912,0.06,0.07,0.87
913,0.15,0.78,0.07
914,0.05,0.95,0.0
915,0.17,0.78,0.05
916,0.65,0.35,0.0
917,0.0,0.0,1.0
918,0.21,0.78,0.01
919,0.35,0.59,0.06
920,0.56,0.42,0.02
921,0.3,0.69,0.01
922,0.45,0.5,0.05
923,0.0,0.0,1.0
924,0.44,0.5,0.06
925,0.45,0.55,0.0
926,0.0,0.0,1.0
927,0.21,0.76,0.03
928,0.0,0.0,1.0
929,0.13,0.76,0.11
930,0.17,0.6,0.23
931,0.0,0.0,1.0
932,0.42,0.39,0.19
933,0.0,0.0,1.0
934,0.03,0.0,0.97
935,0.37,0.5,0.13
936,0.63,0.34,0.03
937,0.0,0.0,1.0
938,0.44,0.55,0.01
939,0.34,0.48,0.18
940,0.0,0.0,1.0
941,0.46,0.49,0.05
942,0.36,0.61,0.03
943,0.08,0.35,0.57
944,0.4,0.33,0.27
945,0.34,0.59,0.07
946,0.08,0.19,0.73
947,0.0,0.0,1.0
948,0.62,0.37,0.01
949,0.01,0.05,0.94
950,0.0,0.0,1.0
951,0.6,0.37,0.03
952,0.0,0.0,1.0
953,0.27,0.6,0.13
954,0.06,0.94,0.0
955,0.44,0.56,0.0
956,0.64,0.36,0.0
957,0.08,0.02,0.9
958,0.0,0.0,1.0
959,0.0,0.0,1.0
960,0.52,0.47,0.01
961,0.05,0.09,0.86
962,0.14,0.13,0.73
963,0.0,0.0,1.0
964,0.27,0.46,0.27
965,0.58,0.42,0.0
966,0.0,0.0,1.0
967,0.14,0.16,0.7
968,0.2,0.79,0.01
969,0.21,0.79,0.0
970,0.0,0.0,1.0
971,0.4,0.57,0.03
972,0.0,0.0,1.0
973,0.24,0.75,0.01
974,0.58,0.42,0.0
975,0.38,0.58,0.04
976,0.34,0.54,0.12
977,0.3,0.57,0.13
978,0.38,0.47,0.15
979,0.09,0.8,0.11
980,0.0,0.0,1.0
981,0.55,0.41,0.04
982,0.0,0.0,1.0
983,0.56,0.4,0.04
984,0.56,0.41,0.03
985,0.49,0.42,0.09
986,0.0,0.0,1.0
987,0.24,0.22,0.54
988,0.13,0.87,0.0
989,0.03,0.97,0.0
990,0.0,0.0,1.0
991,0.08,0.92,0.0
992,0.59,0.41,0.0
993,0.25,0.58,0.17
994,0.0,0.0,1.0
995,0.0,0.0,1.0
996,0.04,0.93,0.03
997,0.13,0.74,0.13
998,0.0,0.0,1.0
999,0.11,0.33,0.56
