,superdove.csv_0,superdove.csv_1,superdove.csv_2,superdove.csv_3,superdove.csv_4
melted,"     components variable     value
0             1        0  0.205128
1             2        0  0.529915
2             3        0  0.598291
3             4        0  0.752137
4             5        0  0.794872
..          ...      ...       ...
595           2       99  0.461538
596           3       99  0.641026
597           4       99  0.717949
598           5       99  0.777778
599           6       99  0.726496

[600 rows x 3 columns]","     components variable     value
0             1        0  0.589744
1             2        0  0.769231
2             3        0  0.863248
3             4        0  0.897436
4             5        0  0.905983
..          ...      ...       ...
595           2       99  0.829060
596           3       99  0.811966
597           4       99  0.905983
598           5       99  0.897436
599           6       99  0.914530

[600 rows x 3 columns]","     components variable     value
0             1        0  0.521368
1             2        0  0.786325
2             3        0  0.811966
3             4        0  0.846154
4             5        0  0.863248
..          ...      ...       ...
595           2       99  0.786325
596           3       99  0.863248
597           4       99  0.940171
598           5       99  0.931624
599           6       99  0.914530

[600 rows x 3 columns]","     components variable     value
0             1        0  0.717949
1             2        0  0.948718
2             3        0  0.931624
3             4        0  0.965812
4             5        0  0.957265
..          ...      ...       ...
595           2       99  0.931624
596           3       99  0.897436
597           4       99  0.940171
598           5       99  0.957265
599           6       99  0.931624

[600 rows x 3 columns]","     components variable     value
0             1        0  0.478632
1             2        0  0.777778
2             3        0  0.752137
3             4        0  0.931624
4             5        0  0.888889
..          ...      ...       ...
595           2       99  0.735043
596           3       99  0.837607
597           4       99  0.854701
598           5       99  0.888889
599           6       99  0.897436

[600 rows x 3 columns]"
grouping,0,1,2,3,4
optimal_n,5,4,4,5,5
accuracy_n,0.7830769230769229,0.8934188034188035,0.8885470085470089,0.9588034188034186,0.8841880341880342
remainder_avg,0.7914529914529915,0.912008547008547,0.9058974358974361,0.9636752136752136,0.9024786324786327
threshold,0.01,0.02,0.02,0.005,0.02
